Locus,Class,Ref,Ho,Hs,FisWC,FstWC,AR,SW
One_ACBP_79,SNP,a,0.396,0.472,0.158,0.027,2,0.677
One_agt_132,SNP,a,0.438,0.461,0.047,0.031,2,0.667
One_aldB_152,SNP,a,0.298,0.291,-0.023,0.127,1.99,0.506
One_apoe_83,SNP,a,0.364,0.376,0.032,0.027,2,0.575
One_c3_98,SNP,a,0.076,0.073,-0.037,0.007,1.97,0.161
One_CD9_269,SNP,a,0.423,0.432,0.018,0.01,2,0.627
One_cetn1_167,SNP,a,0.471,0.48,0.017,0.015,2,0.679
One_CFP1,SNP,a,0.225,0.225,0.002,0.021,2,0.393
One_cin_177,SNP,a,0.459,0.464,0.008,0.001,2,0.657
One_ctgf_301,SNP,a,0.021,0.021,0.015,0.006,1.6,0.059
One_E2,SNP,a,0.333,0.341,0.024,0.013,2,0.53
One_gdh_212,SNP,a,0.386,0.404,0.043,0.01,2,0.599
One_GHII_2461,SNP,a,0.111,0.118,0.043,0.006,1.98,0.233
One_ghsR_66,SNP,a,0.382,0.379,-0.008,0.048,2,0.583
One_GPDH,SNP,a,0.483,0.489,0.007,0.005,2,0.685
One_GPDH2,SNP,a,0.074,0.077,0.042,0.006,1.95,0.168
One_GPH_414,SNP,a,0.472,0.478,0.017,0.022,2,0.681
One_hcs71_220,SNP,a,0.12,0.125,0.039,0.017,1.99,0.249
One_HGFA,SNP,a,0.344,0.358,0.041,0.034,2,0.559
One_HpaI_436,SNP,a,0.442,0.423,-0.044,0.004,2,0.615
One_HpaI_99,SNP,a,0.472,0.481,0.019,0.042,1.99,0.693
One_Hsp47,SNP,a,0.36,0.364,0.015,0.004,2,0.553
One_IL8r_362,SNP,a,0.104,0.106,0.02,0.013,1.98,0.219
One_KCT1_453,SNP,a,0.13,0.136,0.039,0.012,2,0.262
One_KPNA_422,SNP,a,0.306,0.31,0.015,0.026,2,0.495
One_LEI_87,SNP,a,0.311,0.315,0.011,0.022,2,0.501
One_lpp1_44,SNP,a,0.462,0.474,0.024,0.024,2,0.678
One_MHC2_190,SNP,a,0.433,0.454,0.045,0.05,2,0.671
One_MHC2_251,SNP,a,0.417,0.433,0.035,0.065,2,0.656
One_Mkpro_129,SNP,a,0.47,0.478,0.018,0.009,2,0.676
One_ODC1_196,SNP,a,0.457,0.455,-0.007,0.042,2,0.666
One_Ots208_234,SNP,a,0.179,0.185,0.031,0.009,2,0.336
One_Ots213_181,SNP,a,0.373,0.387,0.036,0.016,2,0.583
One_p53_576,SNP,a,0.084,0.085,0.004,0.019,1.91,0.184
One_pax7_248,SNP,a,0.117,0.116,-0.006,0.008,2,0.235
One_PIP,SNP,a,0.38,0.397,0.043,0.022,2,0.595
One_Prl2,SNP,a,0.455,0.48,0.047,0.026,2,0.688
One_rab1a_76,SNP,a,0.424,0.42,-0.009,0.03,2,0.625
One_RAG1_103,SNP,a,0.102,0.103,0.009,0.011,1.94,0.213
One_RAG3_93,SNP,a,0.139,0.139,-0.005,0.021,1.99,0.268
One_redd1_414,SNP,a,0.435,0.45,0.034,0.012,2,0.649
One_RF_112,SNP,a,0.281,0.287,0.017,0.005,2,0.463
One_RF_295,SNP,a,0.058,0.057,-0.009,0.002,1.93,0.134
One_rpo2j_261,SNP,a,0.411,0.416,0.014,0.011,2,0.612
One_sast_211,SNP,a,0.076,0.081,0.065,0.001,1.98,0.174
One_spf30_207,SNP,a,0.385,0.401,0.042,0.01,2,0.595
One_ssrd_135,SNP,a,0.486,0.493,0.015,0.005,2,0.689
One_STC_410,SNP,a,0.44,0.449,0.02,0.008,2,0.645
One_STR07,SNP,a,0.454,0.455,0.001,0.052,2,0.676
One_SUMO1_6,SNP,a,0.271,0.286,0.046,0.023,2,0.465
One_sys1_230,SNP,a,0.412,0.416,0.007,0.026,2,0.62
One_taf12_248,SNP,a,0.128,0.127,-0.003,0.042,1.95,0.259
One_Tf_ex10_750,SNP,a,0.206,0.209,0.014,0.086,1.98,0.385
One_Tf_ex3_182,SNP,a,0.422,0.423,0.002,0.161,2,0.693
One_tshB_92,SNP,a,0.135,0.134,-0.003,0.004,2,0.262
One_U1003_75,SNP,a,0.369,0.393,0.061,0.027,2,0.59
One_U1004_183,SNP,a,0.37,0.378,0.019,0.253,2,0.693
One_U1009_91,SNP,a,0.457,0.467,0.021,0.046,2,0.683
One_U1010_81,SNP,a,0.034,0.036,0.043,0.019,1.6,0.088
One_U1012_68,SNP,a,0.318,0.325,0.021,0.06,2,0.529
One_U1013_108,SNP,a,0.162,0.171,0.045,0.008,2,0.314
One_U1014_74,SNP,a,0.34,0.345,0.014,0.013,2,0.536
One_U1016_115,SNP,a,0.437,0.452,0.028,0.002,2,0.646
One_U1024_197,SNP,a,0.084,0.085,0.018,0.006,1.99,0.183
One_U1101,SNP,a,0.173,0.185,0.062,0.014,2,0.334
One_U1103,SNP,a,0.039,0.039,-0.009,0.005,1.81,0.1
One_U1105,SNP,a,0.223,0.223,0.001,0.013,2,0.384
One_U1201_492,SNP,a,0.474,0.475,-0.005,0.019,2,0.676
One_U1202_1052,SNP,a,0.449,0.472,0.053,0.01,2,0.669
One_U1203_175,SNP,a,0.498,0.489,-0.014,0.008,2,0.686
One_U1204_53,SNP,a,0.402,0.412,0.023,0.013,2,0.607
One_U1205_57,SNP,a,0.068,0.066,-0.023,0.019,1.85,0.149
One_U1206_108,SNP,a,0.232,0.232,0.001,0.013,2,0.398
One_U1208_67,SNP,a,0.379,0.386,0.021,0.004,2,0.578
One_U1209_111,SNP,a,0.3,0.304,0.009,0.021,2,0.49
One_U1210_173,SNP,a,0.08,0.08,-0.002,0.015,1.9,0.177
One_U1212_106,SNP,a,0.463,0.472,0.021,0.013,2,0.67
One_U1214_107,SNP,a,0.026,0.034,0.2,0.025,1.55,0.082
One_U1216_230,SNP,a,0.245,0.25,0.023,0.014,2,0.421
One_U301_92,SNP,a,0.24,0.252,0.047,0.022,2,0.423
One_U401_224,SNP,a,0.385,0.385,-0.003,0.006,2,0.575
One_U404_229,SNP,a,0.101,0.101,-0.004,0.004,1.99,0.205
One_U502_167,SNP,a,0.028,0.028,0.005,0.003,1.69,0.077
One_U503_170,SNP,a,0.249,0.247,-0.007,0.01,2,0.417
One_U504_141,SNP,a,0.423,0.42,-0.008,0.008,2,0.616
One_vamp5_255,SNP,a,0.404,0.416,0.029,0.006,2,0.61
One_vatf_214,SNP,a,0.291,0.289,-0.004,0.016,1.99,0.472
One_VIM_569,SNP,a,0.24,0.246,0.026,0.01,2,0.415
One_ZNF_61,SNP,a,0.474,0.475,0.002,0.005,2,0.671
One_zP3b,SNP,a,0.041,0.041,-0.012,0.009,1.86,0.099
One_Omy77v4,mSat,a,0.642,0.642,0.002,0.019,7.74,1.379
One_One100,mSat,a,0.91,0.91,0.001,0.004,17.14,2.674
One_One102v4,mSat,a,0.876,0.879,0.002,0.008,12.77,2.347
One_One103PT,mSat,a,0.946,0.95,0.004,0.003,28.82,3.31
One_One105,mSat,a,0.511,0.514,0.007,0.004,6.29,1.091
One_One108v4,mSat,a,0.893,0.896,0.004,0.005,17.98,2.609
One_One110v4,mSat,a,0.874,0.883,0.008,0.007,16.33,2.514
One_One111v4,mSat,a,0.893,0.89,-0.002,0.008,21.8,2.759
One_One114v4,mSat,a,0.921,0.927,0.006,0.003,18.91,2.815
One_One115,mSat,a,0.884,0.873,-0.013,0.007,13.16,2.319
One_Ots103v4,mSat,a,0.891,0.889,-0.002,0.028,15.78,2.631
One_Ots107v4,mSat,a,0.54,0.539,-0.005,0.018,4.93,1.105
One_uSat60v4,mSat,a,0.539,0.551,0.021,0.003,4.96,0.967
HaploCode,SNPmt,a,NA,0.45,NA,0.025,NA,NA
105,allSNP,a,0.296,0.302,0.02,0.028,1.971,NA
106,allmSat,a,0.794,0.796,0.002,0.009,14.355,NA
